{"cameraMode":{"drawMode":0,"name":"Shaded","section":"Shading Mode"},"sceneLighting":true,"audioPlay":false,"sceneViewState":{"m_AlwaysRefresh":false,"showFog":true,"showSkybox":true,"showFlares":true,"showImageEffects":true,"showParticleSystems":true,"showVisualEffectGraphs":true,"m_FxEnabled":true},"in2DMode":false,"pivot":{"x":-0.18626143038272859,"y":-0.37720125913619997,"z":-1.721533179283142},"rotation":{"x":0.0036326039116829635,"y":-0.990140438079834,"z":0.13761384785175324,"w":0.026134345680475236},"size":1.0098559856414796,"orthographic":false}