{"cameraMode":{"drawMode":0,"name":"Shaded","section":"Shading Mode"},"sceneLighting":false,"audioPlay":false,"sceneViewState":{"m_AlwaysRefresh":false,"showFog":false,"showSkybox":false,"showFlares":false,"showImageEffects":false,"showParticleSystems":false,"showVisualEffectGraphs":true,"m_FxEnabled":true},"in2DMode":false,"pivot":{"x":0.00829179584980011,"y":0.28468364477157595,"z":0.1451684534549713},"rotation":{"x":-0.10995572805404663,"y":0.8644641041755676,"z":-0.21576732397079469,"w":-0.44052836298942568},"size":0.4754123091697693,"orthographic":false}